Item Name,Total,Gear Level 1,Gear Level 2,Gear Level 3,Gear Level 4,Gear Level 5,Gear Level 6,Gear Level 7,Gear Level 8,Gear Level 9,Gear Level 10,Gear Level 11,Gear Level 12
Mk 1 BlasTech Weapon Mod,1,1,"","","","","","","","","","",""
Mk 1 BAW Armor Mod,47,1,4,4,"",2,4,"","",16,16,"",""
Mk 1 Neuro-Saav Electrobinoculars,15,1,1,1,2,"",2,"","",8,"","",""
Mk 1 TaggeCo Holo Lens,3,1,1,1,"","","","","","","","",""
Mk 1 Arakyd Droid Caller,12,1,"",3,2,1,3,"","",2,"","",""
Mk 1 BioTech Implant,16,1,2,1,2,"",2,"","",8,"","",""
Mk 1 CEC Fusion Furnace,25,"",1,1,"",4,2,1,"",8,8,"",""
Mk 1 A/KT Stun Gun,2,"","",1,"",1,"","","","","","",""
Mk 1 Czerka Stun Cuffs,15,"","",1,2,"",3,3,"",2,4,"",""
Mk 1 Merr-Sonn Shield Generator,1,"","","",1,"","","","","","","",""
Mk 1 Zaltin Bacta Gel Prototype Salvage,55,"","","","","",5,10,20,"",20,"",""
Mk 1 Sienar Holo Projector,3,"","","","","","","","",1,1,1,""
Mk 2 BAW Armor Mod Prototype,14,"",1,1,2,"",2,"","",8,"","",""
Mk 2 Neuro-Saav Electrobinoculars Prototype,21,"",1,1,"",1,2,"","",8,8,"",""
Mk 2 SoroSuub Keypad Prototype,21,"",1,1,"",1,2,"","",8,8,"",""
Mk 2 Chiewab Hypo Syringe,24,"",1,2,1,1,2,1,"",8,8,"",""
Mk 2 Arakyd Droid Caller,1,"",1,"","","","","","","","","",""
Mk 2 Chedak Comlink Prototype,2,"","",1,1,"","","","","","","",""
Mk 2 CEC Fusion Furnace,1,"","","",1,"","","","","","","",""
Mk 2 Merr-Sonn Shield Generator,2,"","","","",1,"",1,"","","","",""
Mk 2 TaggeCo Holo Lens,11,"","","","","",1,2,4,"",4,"",""
Mk 2 Fabritech Data Pad,2,"","","","","","",1,"","","",1,""
Mk 2 Sienar Holo Projector Prototype Salvage,20,"","","","","","","","","",20,"",""
Mk 3 TaggeCo Holo Lens Prototype,2,"",1,1,"","","","","","","","",""
Mk 3 Loronar Power Cell,7,"","",1,1,"",3,"","",2,"","",""
Mk 3 Merr-Sonn Thermal Detonator Prototype Salvage,50,"","","",5,"",5,"","",40,"","",""
Mk 3 BioTech Implant,4,"","","","",1,"",1,"","",1,1,""
Mk 3 Chiewab Hypo Syringe Prototype Salvage,10,"","","","",5,"",5,"","","","",""
Mk 3 Arakyd Droid Caller Salvage,45,"","","","",5,"","","","",40,"",""
Mk 3 Neuro-Saav Electrobinoculars,2,"","","","",2,"","","","","","",""
Mk 3 BlasTech Weapon Mod,3,"","","","","","",1,"","",1,1,""
Mk 3 Carbanti Sensor Array Salvage,300,"","","","","","","",50,100,50,100,""
Mk 3 Czerka Stun Cuffs Salvage,50,"","","","","","","",50,"","","",""
Mk 3 BAW Armor Mod,1,"","","","","","","","","","",1,""
Mk 4 BAW Armor Mod Salvage,5,"","","","",5,"","","","","","",""
Mk 4 CEC Fusion Furnace Prototype Salvage,40,"","","","","",20,"","",20,"","",""
Mk 4 SoroSuub Keypad Salvage,20,"","","","","","",20,"","","","",""
Mk 4 A/KT Stun Gun Salvage,60,"","","","","","","",40,20,"","",""
Mk 4 Zaltin Bacta Gel Salvage,50,"","","","","","","","","","",50,""
Mk 5 BlasTech Weapon Mod Prototype,20,"","",1,"",1,2,"","",8,8,"",""
Mk 5 Loronar Power Cell Salvage,135,"","","",10,20,10,15,20,40,20,"",""
Mk 5 BAW Armor Mod Salvage,5,"","","","","","",5,"","","","",""
Mk 5 SoroSuub Keypad Salvage,20,"","","","","","","",20,"","","",""
Mk 5 Arakyd Droid Caller Salvage,100,"","","","","","","",50,"",50,"",""
Mk 5 A/KT Stun Gun Prototype Salvage,150,"","","","","","","","",50,50,50,""
Mk 5 Athakam Medpac Component,100,"","","","","","","","","","",100,""
Mk 5 Athakam Medpac Salvage,120,"","","","","","","","","","",120,""
Mk 5 Merr-Sonn Thermal Detonator Prototype Salvage,50,"","","","","","","","","","",50,""
Mk 6 Nubian Security Scanner Prototype Salvage,20,"","","","","","",20,"","","","",""
Mk 6 Loronar Power Cell Salvage,5,"","","","","","","",5,"","","",""
Mk 6 Merr-Sonn Thermal Detonator Salvage,100,"","","","","","","","","",50,50,""
Mk 6 Nubian Design Tech Salvage,50,"","","","","","","","","",50,"",""
Mk 6 Arakyd Droid Caller Salvage,50,"","","","","","","","","","",50,""
Mk 7 BAW Armor Mod Prototype Salvage,5,"","","","","","",5,"","","","",""
Mk 7 BioTech Implant Prototype Salvage,50,"","","","","","","",50,"","","",""
Mk 7 Nubian Security Scanner Salvage,100,"","","","","","","","",50,50,"",""
Mk 7 Nubian Design Tech Salvage,40,"","","","","","","","","","","",40
Mk 8 BioTech Implant Component,150,"","","","","","","","","","",150,""
Mk 8 BioTech Implant Salvage,180,"","","","","","","","","","",180,""
Mk 8 Nubian Security Scanner Salvage,40,"","","","","","","","","","","",40
Mk 8 Nubian Design Tech Salvage,40,"","","","","","","","","","","",40
Mk 10 BlasTech Weapon Mod Salvage,50,"","","","","","","","","",50,"",""
Mk 10 BlasTech Weapon Mod Component,50,"","","","","","","","","",50,"",""
Mk 12 ArmaTek Multi-tool Prototype Salvage,30,"","","","","","","","","","","",30
Mk 12 ArmaTek Tactical Data Prototype Salvage,30,"","","","","","","","","","","",30
Mk 12 ArmaTek Armor Plating Prototype Salvage,30,"","","","","","","","","","","",30
