Item Name,Total,Gear Level 1,Gear Level 2,Gear Level 3,Gear Level 4,Gear Level 5,Gear Level 6,Gear Level 7,Gear Level 8,Gear Level 9,Gear Level 10,Gear Level 11,Gear Level 12
Mk 1 Nubian Security Scanner,4,2,1,"","","","",1,"","","","",""
Mk 1 Fabritech Data Pad,3,1,1,1,"","","","","","","","",""
Mk 1 Arakyd Droid Caller,4,1,1,"","",1,"","","",1,"","",""
Mk 1 BAW Armor Mod,34,1,"","","","",1,"","","",16,16,""
Mk 1 Neuro-Saav Electrobinoculars,2,1,"","","","","",1,"","","","",""
Mk 1 Sienar Holo Projector,6,"",1,1,"","","","",1,3,"","",""
Mk 1 SoroSuub Keypad,2,"",1,"","","","","","",1,"","",""
Mk 1 Loronar Power Cell,2,"",2,"","","","","","","","","",""
Mk 1 A/KT Stun Gun,4,"",1,1,"",1,"","","",1,"","",""
Mk 1 CEC Fusion Furnace,23,"","",2,"",1,3,"","",1,8,8,""
Mk 1 Czerka Stun Cuffs,3,"","","",1,"","",2,"","","","",""
Mk 1 Chedak Comlink Salvage,10,"","","","","",5,"","","",5,"",""
Mk 1 Chiewab Hypo Syringe Prototype,1,"","","","","","",1,"","","","",""
Mk 1 Zaltin Bacta Gel Prototype Salvage,35,"","","","","","",5,30,"","","",""
Mk 1 Carbanti Sensor Array Prototype Salvage,5,"","","","","","","","","",5,"",""
Mk 1 Merr-Sonn Shield Generator,1,"","","","","","","","","",1,"",""
Mk 2 Fabritech Data Pad,5,"",1,"","",2,"","","",1,"",1,""
Mk 2 Merr-Sonn Shield Generator,2,"","",1,"","",1,"","","","","",""
Mk 2 TaggeCo Holo Lens,9,"","",1,"","","",1,6,"",1,"",""
Mk 2 Chiewab Hypo Syringe,21,"","","",1,1,1,2,"","",8,8,""
Mk 2 CEC Fusion Furnace,1,"","","","",1,"","","","","","",""
Mk 2 BlasTech Weapon Mod,2,"","","","",1,"","","","",1,"",""
Mk 2 Neuro-Saav Electrobinoculars Prototype,17,"","","","","",1,"","","",8,8,""
Mk 2 SoroSuub Keypad Prototype,16,"","","","","","","","","",8,8,""
Mk 3 BioTech Implant,7,"","",2,1,"",2,"","",1,"",1,""
Mk 3 Neuro-Saav Electrobinoculars,5,"","","",2,"",1,"","",2,"","",""
Mk 3 Arakyd Droid Caller Salvage,15,"","","",5,"",5,"","",5,"","",""
Mk 3 BAW Armor Mod,5,"","","","",2,"","","",2,"",1,""
Mk 3 BlasTech Weapon Mod,5,"","","","","",1,"","",3,"",1,""
Mk 3 Carbanti Sensor Array Salvage,300,"","","","","","",50,50,100,50,50,""
Mk 3 Czerka Stun Cuffs Salvage,100,"","","","","","","","","",100,"",""
Mk 4 BAW Armor Mod Salvage,30,"","",10,5,5,5,"",5,"","","",""
Mk 4 Fabritech Data Pad Prototype,1,"","",1,"","","","","","","","",""
Mk 4 Loronar Power Cell Prototype,1,"","","","","","",1,"","","","",""
Mk 4 Arakyd Droid Caller Salvage,40,"","","","","","",20,"","","",20,""
Mk 4 SoroSuub Keypad Salvage,60,"","","","","","","",20,20,20,"",""
Mk 4 Merr-Sonn Thermal Detonator Prototype Salvage,5,"","","","","","","","","",5,"",""
Mk 4 Sienar Holo Projector Salvage,50,"","","","","","","","","",50,"",""
Mk 4 Nubian Security Scanner Prototype Salvage,5,"","","","","","","","","",5,"",""
Mk 4 A/KT Stun Gun Salvage,20,"","","","","","","","","","",20,""
Mk 4 Zaltin Bacta Gel Salvage,50,"","","","","","","","","","",50,""
Mk 5 Neuro-Saav Electrobinoculars Salvage,20,"","","",5,5,"","","","",10,"",""
Mk 5 Loronar Power Cell Salvage,45,"","","",5,"",5,5,30,"","","",""
Mk 5 BAW Armor Mod Salvage,15,"","","",5,"","",5,"","",5,"",""
Mk 5 TaggeCo Holo Lens Prototype Salvage,5,"","","","",5,"","","","","","",""
Mk 5 Fabritech Data Pad,1,"","","","","",1,"","","","","",""
Mk 5 Nubian Security Scanner Prototype Salvage,10,"","","","","",5,5,"","","","",""
Mk 5 SoroSuub Keypad Salvage,60,"","","","","",20,20,"","","",20,""
Mk 5 Arakyd Droid Caller Salvage,50,"","","","","","","",50,"","","",""
Mk 5 A/KT Stun Gun Prototype Salvage,100,"","","","","","","",50,50,"","",""
Mk 5 BioTech Implant Prototype,1,"","","","","","","","",1,"","",""
Mk 5 Merr-Sonn Thermal Detonator Prototype Salvage,100,"","","","","","","","",50,"",50,""
Mk 5 BlasTech Weapon Mod Prototype,16,"","","","","","","","","",8,8,""
Mk 5 Athakam Medpac Component,50,"","","","","","","","","","",50,""
Mk 5 Athakam Medpac Salvage,60,"","","","","","","","","","",60,""
Mk 6 Loronar Power Cell Salvage,20,"","",5,"",5,5,5,"","","","",""
Mk 6 Fabritech Data Pad Salvage,10,"","","",5,"","","",5,"","","",""
Mk 6 BlasTech Weapon Mod Prototype,2,"","","","",1,"","","",1,"","",""
Mk 6 TaggeCo Holo Lens Prototype Salvage,5,"","","","",5,"","","","","","",""
Mk 6 BioTech Implant Prototype Salvage,20,"","","","","",20,"","","","","",""
Mk 6 Neuro-Saav Electrobinoculars Prototype Salvage,5,"","","","","","","","","",5,"",""
Mk 6 Merr-Sonn Thermal Detonator Salvage,50,"","","","","","","","","","",50,""
Mk 6 Arakyd Droid Caller Salvage,50,"","","","","","","","","","",50,""
Mk 7 Nubian Security Scanner Salvage,100,"","","","","","","","","",50,50,""
Mk 7 Merr-Sonn Shield Generator Salvage,50,"","","","","","","","","","",50,""
Mk 7 Nubian Design Tech Salvage,40,"","","","","","","","","","","",40
Mk 7 CEC Fusion Furnace Salvage,40,"","","","","","","","","","","",40
Mk 8 BlasTech Weapon Mod Prototype Salvage,20,"","","","","","","","",20,"","",""
Mk 8 BioTech Implant Component,50,"","","","","","","","","","",50,""
Mk 8 BioTech Implant Salvage,60,"","","","","","","","","","",60,""
Mk 8 Nubian Security Scanner Salvage,40,"","","","","","","","","","","",40
Mk 12 ArmaTek Armor Plating Prototype Salvage,30,"","","","","","","","","","","",30
Mk 12 ArmaTek Visor Prototype Salvage,30,"","","","","","","","","","","",30
Mk 12 ArmaTek Multi-tool Prototype Salvage,30,"","","","","","","","","","","",30
