Item Name,Total,Gear Level 1,Gear Level 2,Gear Level 3,Gear Level 4,Gear Level 5,Gear Level 6,Gear Level 7,Gear Level 8,Gear Level 9,Gear Level 10,Gear Level 11,Gear Level 12
Mk 1 BAW Armor Mod,2,1,"","","","","",1,"","","","",""
Mk 1 Neuro-Saav Electrobinoculars,4,1,1,1,"","","",1,"","","","",""
Mk 1 Loronar Power Cell,6,1,3,1,"","","",1,"","","","",""
Mk 1 Fabritech Data Pad,3,1,2,"","","","","","","","","",""
Mk 1 Arakyd Droid Caller,6,1,"",1,1,1,"",2,"","","","",""
Mk 1 CEC Fusion Furnace,1,1,"","","","","","","","","","",""
Mk 1 Sienar Holo Projector,10,"",2,"",1,1,1,2,1,"",2,"",""
Mk 1 SoroSuub Keypad,3,"",1,"","","",1,"",1,"","","",""
Mk 1 Merr-Sonn Shield Generator,1,"","",1,"","","","","","","","",""
Mk 1 A/KT Stun Gun,2,"","",1,"","","",1,"","","","",""
Mk 1 Zaltin Bacta Gel Prototype Salvage,35,"","","","",5,"","","","",30,"",""
Mk 1 Athakam Medpac Salvage,5,"","","","","","",5,"","","","",""
Mk 1 Czerka Stun Cuffs,9,"","","","","","",3,"",6,"","",""
Mk 2 Nubian Security Scanner Prototype,3,"",1,1,"","","",1,"","","","",""
Mk 2 Fabritech Data Pad,1,"","",1,"","","","","","","","",""
Mk 2 Chedak Comlink Prototype,2,"","","",1,1,"","","","","","",""
Mk 2 Chiewab Hypo Syringe,4,"","","",1,1,1,1,"","","","",""
Mk 2 TaggeCo Holo Lens,7,"","","","",1,"","","","",6,"",""
Mk 2 SoroSuub Keypad Prototype,1,"","","","","","",1,"","","","",""
Mk 2 Zaltin Bacta Gel Prototype Salvage,20,"","","","","","",20,"","","","",""
Mk 2 Sienar Holo Projector Prototype Salvage,40,"","","","","","",10,"",30,"","",""
Mk 3 Neuro-Saav Electrobinoculars,10,"","",1,3,2,1,2,"","",1,"",""
Mk 3 Arakyd Droid Caller Salvage,105,"","",5,10,"",5,20,5,60,"","",""
Mk 3 BAW Armor Mod,1,"","",1,"","","","","","","","",""
Mk 3 BlasTech Weapon Mod,14,"","","",2,1,2,5,1,"",3,"",""
Mk 3 BioTech Implant,8,"","","",1,"",1,3,1,"",2,"",""
Mk 3 Sienar Holo Projector Salvage,60,"","","","","",20,"",20,20,"","",""
Mk 3 Loronar Power Cell,3,"","","","","","",1,1,1,"","",""
Mk 3 Carbanti Sensor Array Salvage,100,"","","","","","","",50,"",50,"",""
Mk 3 Czerka Stun Cuffs Salvage,50,"","","","","","","","","","",50,""
Mk 4 BAW Armor Mod Salvage,5,"","","",5,"","","","","","","",""
Mk 4 SoroSuub Keypad Salvage,60,"","","","","",20,"",20,20,"","",""
Mk 4 A/KT Stun Gun Salvage,20,"","","","","","","","","","",20,""
Mk 4 Arakyd Droid Caller Salvage,20,"","","","","","","","","","",20,""
Mk 4 Chedak Comlink Prototype Salvage,50,"","","","","","","","","","",50,""
Mk 4 Zaltin Bacta Gel Salvage,50,"","","","","","","","","","",50,""
Mk 5 Loronar Power Cell Salvage,50,"","","",5,15,"","","","",30,"",""
Mk 5 Fabritech Data Pad,1,"","","","","",1,"","","","","",""
Mk 5 Nubian Security Scanner Prototype Salvage,5,"","","","","",5,"","","","","",""
Mk 5 SoroSuub Keypad Salvage,40,"","","","","",20,"","","","",20,""
Mk 5 BioTech Implant Prototype,2,"","","","","",1,"",1,"","","",""
Mk 5 A/KT Stun Gun Prototype Salvage,100,"","","","","","","",50,"",50,"",""
Mk 5 CEC Fusion Furnace Salvage,100,"","","","","","","",50,50,"","",""
Mk 5 Arakyd Droid Caller Salvage,50,"","","","","","","","","",50,"",""
Mk 6 Loronar Power Cell Salvage,20,"","",5,"",5,5,"","",5,"","",""
Mk 6 Fabritech Data Pad Salvage,15,"","","","",5,5,"",5,"","","",""
Mk 6 Chiewab Hypo Syringe Salvage,200,"","","","","","","",100,100,"","",""
Mk 6 Nubian Design Tech Salvage,50,"","","","","","","","",50,"","",""
Mk 6 Merr-Sonn Thermal Detonator Salvage,50,"","","","","","","","","",50,"",""
Mk 7 Merr-Sonn Shield Generator Salvage,50,"","","","","","","","","","",50,""
Mk 7 Nubian Design Tech Salvage,40,"","","","","","","","","","","",40
Mk 7 Chiewab Hypo Syringe Salvage,40,"","","","","","","","","","","",40
Mk 8 BlasTech Weapon Mod Prototype Salvage,40,"","","","","",20,"",20,"","","",""
Mk 8 BioTech Implant Component,50,"","","","","","","","","","",50,""
Mk 8 BioTech Implant Salvage,60,"","","","","","","","","","",60,""
Mk 8 Nubian Security Scanner Salvage,40,"","","","","","","","","","","",40
Mk 9 Fabritech Data Pad Component,150,"","","","","","","","","",50,100,""
Mk 9 Fabritech Data Pad Salvage,180,"","","","","","","","","",60,120,""
Mk 9 BioTech Implant Salvage,50,"","","","","","","","","","",50,""
Mk 11 BlasTech Weapon Mod Salvage,50,"","","","","","","","","","",50,""
Mk 12 ArmaTek Armor Plating Prototype Salvage,30,"","","","","","","","","","","",30
Mk 12 ArmaTek Multi-tool Prototype Salvage,30,"","","","","","","","","","","",30
Mk 12 ArmaTek Bayonet Prototype Salvage,30,"","","","","","","","","","","",30
