Item Name,Total,Gear Level 1,Gear Level 2,Gear Level 3,Gear Level 4,Gear Level 5,Gear Level 6,Gear Level 7,Gear Level 8,Gear Level 9,Gear Level 10,Gear Level 11,Gear Level 12
Mk 1 BioTech Implant,3,2,1,"","","","","","","","","",""
Mk 1 Loronar Power Cell,2,1,"",1,"","","","","","","","",""
Mk 1 CEC Fusion Furnace,21,1,3,"",2,2,1,"",4,8,"","",""
Mk 1 Neuro-Saav Electrobinoculars,3,1,1,1,"","","","","","","","",""
Mk 1 BAW Armor Mod,28,1,3,"","","","","",8,16,"","",""
Mk 1 Merr-Sonn Shield Generator,2,"",1,1,"","","","","","","","",""
Mk 1 Czerka Stun Cuffs,7,"","",3,"","","","","",4,"","",""
Mk 1 Sienar Holo Projector,6,"","",1,"",1,"","",1,"",1,2,""
Mk 1 Fabritech Data Pad,1,"","",1,"","","","","","","","",""
Mk 1 Arakyd Droid Caller,3,"","",1,2,"","","","","","","",""
Mk 1 A/KT Stun Gun,1,"","",1,"","","","","","","","",""
Mk 1 Chedak Comlink Salvage,5,"","","","",5,"","","","","","",""
Mk 1 Zaltin Bacta Gel Prototype Salvage,45,"","","","",5,"",10,"",30,"","",""
Mk 1 SoroSuub Keypad,2,"","","","","",1,"","","",1,"",""
Mk 2 Neuro-Saav Electrobinoculars Prototype,15,"",3,"","","","","",4,8,"","",""
Mk 2 BAW Armor Mod Prototype,1,"",1,"","","","","","","","","",""
Mk 2 CEC Fusion Furnace,1,"","",1,"","","","","","","","",""
Mk 2 Nubian Security Scanner Prototype,1,"","",1,"","","","","","","","",""
Mk 2 TaggeCo Holo Lens,11,"","","","",2,"",2,"",6,1,"",""
Mk 2 SoroSuub Keypad Prototype,12,"","","","","","","",4,8,"","",""
Mk 2 Chiewab Hypo Syringe,12,"","","","","","","",4,8,"","",""
Mk 2 Sienar Holo Projector Prototype Salvage,20,"","","","","","","","",20,"","",""
Mk 3 BAW Armor Mod,1,"",1,"","","","","","","","","",""
Mk 3 BlasTech Weapon Mod,9,"","",1,3,2,1,"","","",1,1,""
Mk 3 BioTech Implant,6,"","",2,1,1,"","","","",1,1,""
Mk 3 Arakyd Droid Caller Salvage,55,"","","",5,"",5,"","",40,5,"",""
Mk 3 Neuro-Saav Electrobinoculars,5,"","","",1,1,1,1,1,"","","",""
Mk 3 Chiewab Hypo Syringe Prototype Salvage,25,"","","",10,10,5,"","","","","",""
Mk 3 Sienar Holo Projector Salvage,120,"","","","","",40,40,20,20,"","",""
Mk 3 Carbanti Sensor Array Salvage,250,"","","","","","","",100,"",50,100,""
Mk 4 BAW Armor Mod Salvage,10,"","","",5,"","","","","",5,"",""
Mk 4 Merr-Sonn Thermal Detonator Prototype Salvage,5,"","","","",5,"","","","","","",""
Mk 4 A/KT Stun Gun Salvage,120,"","","","","",20,40,"",20,20,20,""
Mk 4 SoroSuub Keypad Salvage,120,"","","","","",40,40,40,"","","",""
Mk 4 Arakyd Droid Caller Salvage,60,"","","","","","","",20,"",20,20,""
Mk 4 Fabritech Data Pad Prototype,1,"","","","","","","","","",1,"",""
Mk 5 Loronar Power Cell Salvage,95,"","","",25,15,15,10,"",30,"","",""
Mk 5 Nubian Design Tech Prototype Salvage,20,"","","","","",20,"","","","","",""
Mk 5 BioTech Implant Prototype,2,"","","","","",1,"","","",1,"",""
Mk 5 Fabritech Data Pad,2,"","","","","","",1,1,"","","",""
Mk 5 A/KT Stun Gun Prototype Salvage,200,"","","","","","","",50,"",50,100,""
Mk 5 BlasTech Weapon Mod Prototype,12,"","","","","","","",4,8,"","",""
Mk 5 Arakyd Droid Caller Salvage,50,"","","","","","","","",50,"","",""
Mk 5 SoroSuub Keypad Salvage,40,"","","","","","","","","",20,20,""
Mk 5 Athakam Medpac Component,50,"","","","","","","","","",50,"",""
Mk 5 Athakam Medpac Salvage,60,"","","","","","","","","",60,"",""
Mk 6 Fabritech Data Pad Salvage,5,"","","","",5,"","","","","","",""
Mk 6 Nubian Design Tech Salvage,50,"","","","","","","","",50,"","",""
Mk 6 Merr-Sonn Thermal Detonator Salvage,100,"","","","","","","","","",50,50,""
Mk 6 CEC Fusion Furnace Salvage,50,"","","","","","","","","","",50,""
Mk 6 Arakyd Droid Caller Salvage,50,"","","","","","","","","","",50,""
Mk 6 Carbanti Sensor Array Salvage,40,"","","","","","","","","","","",40
Mk 6 Athakam Medpac Salvage,40,"","","","","","","","","","","",40
MK 7 BlasTech Weapon Mod Prototype Salvage,10,"","","",10,"","","","","","","",""
Mk 7 Nubian Security Scanner Salvage,50,"","","","","","","","",50,"","",""
Mk 7 Merr-Sonn Shield Generator Salvage,100,"","","","","","","","","",50,50,""
Mk 8 BlasTech Weapon Mod Prototype Salvage,20,"","","","","",20,"","","","","",""
Mk 8 BioTech Implant Component,50,"","","","","","","","","",50,"",""
Mk 8 BioTech Implant Salvage,60,"","","","","","","","","",60,"",""
MK 8 Neuro-Saav Electrobinoculars Salvage,50,"","","","","","","","","","",50,""
MK 8 Neuro-Saav Electrobinoculars Component,50,"","","","","","","","","","",50,""
Mk 8 Nubian Security Scanner Salvage,40,"","","","","","","","","","","",40
Mk 12 ArmaTek Wrist Band Prototype Salvage,30,"","","","","","","","","","","",30
Mk 12 ArmaTek Medpac Prototype Salvage,30,"","","","","","","","","","","",30
Mk 12 ArmaTek Multi-tool Prototype Salvage,30,"","","","","","","","","","","",30
