Item Name,Total,Gear Level 1,Gear Level 2,Gear Level 3,Gear Level 4,Gear Level 5,Gear Level 6,Gear Level 7,Gear Level 8,Gear Level 9,Gear Level 10,Gear Level 11,Gear Level 12
Mk 1 BlasTech Weapon Mod,2,2,"","","","","","","","","","",""
Mk 1 Neuro-Saav Electrobinoculars,4,1,1,1,1,"","","","","","","",""
Mk 1 A/KT Stun Gun,3,1,"",1,1,"","","","","","","",""
Mk 1 Fabritech Data Pad,2,1,1,"","","","","","","","","",""
Mk 1 Loronar Power Cell,6,1,3,1,1,"","","","","","","",""
Mk 1 SoroSuub Keypad,7,"",2,"",2,1,1,1,"","","","",""
Mk 1 BAW Armor Mod,61,"",1,3,"",5,4,"","",40,8,"",""
Mk 1 CEC Fusion Furnace,30,"","",2,"",2,2,"","",20,4,"",""
Mk 1 Arakyd Droid Caller,3,"","",2,1,"","","","","","","",""
Mk 1 Czerka Stun Cuffs,8,"","",1,1,"","",2,"",4,"","",""
Mk 1 Chedak Comlink Salvage,5,"","","","",5,"","","","","","",""
Mk 1 Athakam Medpac Salvage,5,"","","","",5,"","","","","","",""
Mk 1 Carbanti Sensor Array Prototype Salvage,5,"","","","","","","","","",5,"",""
Mk 1 Merr-Sonn Shield Generator,1,"","","","","","","","","",1,"",""
Mk 2 Nubian Security Scanner Prototype,3,"",1,1,1,"","","","","","","",""
Mk 2 SoroSuub Keypad Prototype,31,"",1,1,"",3,2,"","",20,4,"",""
Mk 2 Chiewab Hypo Syringe,31,"",1,1,"",3,2,"","",20,4,"",""
Mk 2 Neuro-Saav Electrobinoculars Prototype,30,"","",2,"",2,2,"","",20,4,"",""
Mk 2 Sienar Holo Projector Prototype Salvage,35,"","","",5,"","",10,"",20,"","",""
Mk 2 TaggeCo Holo Lens,2,"","","",1,1,"","","","","","",""
Mk 2 Fabritech Data Pad,1,"","","","",1,"","","","","","",""
Mk 2 CEC Fusion Furnace,2,"","","","","","",1,"","","",1,""
Mk 2 Merr-Sonn Shield Generator,1,"","","","","","",1,"","","","",""
Mk 2 BlasTech Weapon Mod,2,"","","","","","","","","",1,1,""
Mk 3 BlasTech Weapon Mod,4,"",1,"","",1,"","","",1,1,"",""
Mk 3 Arakyd Droid Caller Salvage,115,"","",10,25,5,5,30,"",40,"","",""
Mk 3 Loronar Power Cell,3,"","",1,"","","","",1,"",1,"",""
Mk 3 BioTech Implant,3,"","","","",1,"","","",1,1,"",""
Mk 3 BAW Armor Mod,1,"","","","",1,"","","","","","",""
Mk 3 Sienar Holo Projector Salvage,80,"","","","","",20,"",40,"",20,"",""
Mk 3 Carbanti Sensor Array Salvage,150,"","","","","","",50,50,"","",50,""
Mk 3 Czerka Stun Cuffs Salvage,250,"","","","","","","",50,50,50,100,""
Mk 3 Neuro-Saav Electrobinoculars,1,"","","","","","","",1,"","","",""
Mk 4 Fabritech Data Pad Prototype,1,"","","",1,"","","","","","","",""
Mk 4 BAW Armor Mod Salvage,10,"","","",5,"",5,"","","","","",""
Mk 4 Merr-Sonn Thermal Detonator Prototype Salvage,5,"","","","",5,"","","","","","",""
Mk 4 SoroSuub Keypad Salvage,120,"","","","","",40,20,40,20,"","",""
Mk 4 Arakyd Droid Caller Salvage,60,"","","","","",20,"",20,"","",20,""
Mk 4 Chiewab Hypo Syringe Prototype Salvage,40,"","","","","","",20,"","","",20,""
Mk 4 Chedak Comlink Prototype Salvage,100,"","","","","","","","","",50,50,""
Mk 4 Nubian Security Scanner Prototype Salvage,10,"","","","","","","","","",5,5,""
Mk 4 Zaltin Bacta Gel Salvage,50,"","","","","","","","","","",50,""
Mk 4 Sienar Holo Projector Salvage,50,"","","","","","","","","","",50,""
Mk 4 A/KT Stun Gun Salvage,20,"","","","","","","","","","",20,""
Mk 5 BlasTech Weapon Mod Prototype,29,"","",1,"",2,2,"","",20,4,"",""
Mk 5 BioTech Implant Prototype,5,"","","",2,1,1,1,"","","","",""
Mk 5 Neuro-Saav Electrobinoculars Salvage,25,"","","","","",5,5,"","","",15,""
Mk 5 Chiewab Hypo Syringe Prototype Salvage,40,"","","","","","",20,"","","",20,""
Mk 5 SoroSuub Keypad Salvage,60,"","","","","","",20,"","","",40,""
Mk 5 CEC Fusion Furnace Salvage,100,"","","","","","","",50,"",50,"",""
Mk 5 Fabritech Data Pad,1,"","","","","","","",1,"","","",""
Mk 5 BAW Armor Mod Salvage,10,"","","","","","","","","",5,5,""
Mk 6 Loronar Power Cell Salvage,5,"","","","",5,"","","","","","",""
Mk 6 TaggeCo Holo Lens Prototype Salvage,5,"","","","","",5,"","","","","",""
Mk 6 Chiewab Hypo Syringe Salvage,100,"","","","","","","",50,"",50,"",""
Mk 6 Nubian Security Scanner Prototype Salvage,20,"","","","","","","","",20,"","",""
Mk 6 Nubian Design Tech Salvage,50,"","","","","","","","",50,"","",""
Mk 6 Neuro-Saav Electrobinoculars Prototype Salvage,5,"","","","","","","","","","",5,""
Mk 6 Athakam Medpac Salvage,40,"","","","","","","","","","","",40
Mk 7 Nubian Security Scanner Salvage,100,"","","","","","","","",100,"","",""
Mk 7 Merr-Sonn Shield Generator Salvage,50,"","","","","","","","","","",50,""
Mk 7 Chiewab Hypo Syringe Salvage,40,"","","","","","","","","","","",40
Mk 8 BlasTech Weapon Mod Prototype Salvage,40,"","","","","",20,20,"","","","",""
Mk 8 BioTech Implant Component,50,"","","","","","","","","","",50,""
Mk 8 BioTech Implant Salvage,60,"","","","","","","","","","",60,""
Mk 8 Nubian Security Scanner Salvage,40,"","","","","","","","","","","",40
Mk 9 Fabritech Data Pad Component,50,"","","","","","","","","","",50,""
Mk 9 Fabritech Data Pad Salvage,60,"","","","","","","","","","",60,""
Mk 12 ArmaTek Medpac Prototype Salvage,30,"","","","","","","","","","","",30
Mk 12 ArmaTek Multi-tool Prototype Salvage,30,"","","","","","","","","","","",30
Mk 12 ArmaTek Bayonet Prototype Salvage,30,"","","","","","","","","","","",30
