Item Name,Total,Gear Level 1,Gear Level 2,Gear Level 3,Gear Level 4,Gear Level 5,Gear Level 6,Gear Level 7,Gear Level 8,Gear Level 9,Gear Level 10,Gear Level 11,Gear Level 12
Mk 1 Loronar Power Cell,2,2,"","","","","","","","","","",""
Mk 1 Arakyd Droid Caller,4,1,"",1,"","","",1,"",1,"","",""
Mk 1 TaggeCo Holo Lens,2,1,1,"","","","","","","","","",""
Mk 1 Fabritech Data Pad,1,1,"","","","","","","","","","",""
Mk 1 Nubian Security Scanner,1,1,"","","","","","","","","","",""
Mk 1 SoroSuub Keypad,6,"",2,"",2,"",2,"","","","","",""
Mk 1 BAW Armor Mod,22,"",3,"","",1,"",9,"",1,8,"",""
Mk 1 CEC Fusion Furnace,16,"",1,"",1,"","",7,"",3,4,"",""
Mk 1 Sienar Holo Projector,3,"",1,"","","","","","",1,"",1,""
Mk 1 Merr-Sonn Shield Generator,2,"","",1,"","","","","","",1,"",""
Mk 1 BioTech Implant,4,"","",1,"","",1,"",2,"","","",""
Mk 1 Neuro-Saav Electrobinoculars,4,"","",1,"","",1,"",2,"","","",""
Mk 1 Athakam Medpac Salvage,10,"","","","",10,"","","","","","",""
Mk 1 Chedak Comlink Salvage,5,"","","","",5,"","","","","","",""
Mk 1 Czerka Stun Cuffs,4,"","","","","","",3,"",1,"","",""
Mk 1 Carbanti Sensor Array Prototype Salvage,5,"","","","","","","","","",5,"",""
Mk 2 Neuro-Saav Electrobinoculars Prototype,11,"",1,"","","","",5,"",1,4,"",""
Mk 2 Chedak Comlink Prototype,1,"","",1,"","","","","","","","",""
Mk 2 Chiewab Hypo Syringe,10,"","",1,"",1,"",4,"","",4,"",""
Mk 2 BlasTech Weapon Mod,4,"","",1,"",1,"","","","",1,1,""
Mk 2 BAW Armor Mod Prototype,4,"","",1,"","",1,"",2,"","","",""
Mk 2 TaggeCo Holo Lens,3,"","","",1,"",1,"",1,"","","",""
Mk 2 Merr-Sonn Shield Generator,3,"","","",1,"","",1,"",1,"","",""
Mk 2 SoroSuub Keypad Prototype,9,"","","","",1,"",4,"","",4,"",""
Mk 2 CEC Fusion Furnace,2,"","","","","",1,"","","","",1,""
Mk 2 Sienar Holo Projector Prototype Salvage,10,"","","","","","",10,"","","","",""
Mk 2 Zaltin Bacta Gel Prototype Salvage,40,"","","","","","",20,"",20,"","",""
Mk 3 TaggeCo Holo Lens Prototype,1,"",1,"","","","","","","","","",""
Mk 3 BAW Armor Mod,1,"",1,"","","","","","","","","",""
Mk 3 BlasTech Weapon Mod,6,"","",1,"",1,"",1,"",2,1,"",""
Mk 3 Arakyd Droid Caller Salvage,60,"","",5,10,10,10,25,"","","","",""
Mk 3 Merr-Sonn Thermal Detonator Prototype Salvage,20,"","",5,"","",5,"",10,"","","",""
Mk 3 Chiewab Hypo Syringe Prototype Salvage,5,"","","",5,"","","","","","","",""
Mk 3 Neuro-Saav Electrobinoculars,3,"","","","",1,"",1,"",1,"","",""
Mk 3 BioTech Implant,6,"","","","",1,"",2,"",2,1,"",""
Mk 3 Sienar Holo Projector Salvage,100,"","","","","",20,20,40,"",20,"",""
Mk 3 Loronar Power Cell,4,"","","","","","",1,1,1,1,"",""
Mk 3 Czerka Stun Cuffs Salvage,150,"","","","","","","",50,"",50,50,""
Mk 3 Carbanti Sensor Array Salvage,100,"","","","","","","","","","",100,""
Mk 4 Fabritech Data Pad Prototype,3,"","","",1,"",1,"",1,"","","",""
Mk 4 BAW Armor Mod Salvage,25,"","","",5,5,5,5,5,"","","",""
Mk 4 Nubian Security Scanner Prototype Salvage,15,"","","","",5,"","","","",5,5,""
Mk 4 SoroSuub Keypad Salvage,40,"","","","","",20,"",20,"","","",""
Mk 4 Chiewab Hypo Syringe Prototype Salvage,40,"","","","","",20,"","","","",20,""
Mk 4 TaggeCo Holo Lens Salvage,5,"","","","","","","","",5,"","",""
Mk 4 Chedak Comlink Prototype Salvage,50,"","","","","","","","","",50,"",""
Mk 4 Zaltin Bacta Gel Salvage,50,"","","","","","","","","","",50,""
Mk 4 Sienar Holo Projector Salvage,50,"","","","","","","","","","",50,""
Mk 4 A/KT Stun Gun Salvage,20,"","","","","","","","","","",20,""
Mk 4 Arakyd Droid Caller Salvage,20,"","","","","","","","","","",20,""
Mk 5 Neuro-Saav Electrobinoculars Salvage,35,"","",5,"","",5,"","",10,"",15,""
Mk 5 Loronar Power Cell Salvage,35,"","",5,5,5,5,5,10,"","","",""
Mk 5 BioTech Implant Prototype,4,"","","",2,"",2,"","","","","",""
Mk 5 BAW Armor Mod Salvage,15,"","","","",5,"","","","",5,5,""
Mk 5 SoroSuub Keypad Salvage,80,"","","","","",20,"","",20,"",40,""
Mk 5 BlasTech Weapon Mod Prototype,8,"","","","","","",4,"","",4,"",""
Mk 5 CEC Fusion Furnace Salvage,100,"","","","","","","",50,"",50,"",""
Mk 5 A/KT Stun Gun Prototype Salvage,50,"","","","","","","","","","",50,""
Mk 5 Chiewab Hypo Syringe Prototype Salvage,20,"","","","","","","","","","",20,""
Mk 6 Loronar Power Cell Salvage,5,"","","",5,"","","","","","","",""
Mk 6 Fabritech Data Pad Salvage,5,"","","",5,"","","","","","","",""
Mk 6 BioTech Implant Prototype Salvage,40,"","","","","","",20,"",20,"","",""
Mk 6 Chiewab Hypo Syringe Salvage,200,"","","","","","","",100,50,50,"",""
Mk 6 Neuro-Saav Electrobinoculars Prototype Salvage,10,"","","","","","","","",5,"",5,""
Mk 6 Athakam Medpac Salvage,40,"","","","","","","","","","","",40
Mk 7 Merr-Sonn Shield Generator Salvage,50,"","","","","","","","","","",50,""
Mk 7 Chiewab Hypo Syringe Salvage,40,"","","","","","","","","","","",40
Mk 8 BlasTech Weapon Mod Prototype Salvage,20,"","","","","",20,"","","","","",""
Mk 8 BioTech Implant Component,100,"","","","","","","","","","",100,""
Mk 8 BioTech Implant Salvage,120,"","","","","","","","","","",120,""
Mk 8 Nubian Security Scanner Salvage,40,"","","","","","","","","","","",40
Mk 12 ArmaTek Bayonet Prototype Salvage,30,"","","","","","","","","","","",30
Mk 12 ArmaTek Medpac Prototype Salvage,30,"","","","","","","","","","","",30
Mk 12 ArmaTek Multi-tool Prototype Salvage,30,"","","","","","","","","","","",30
