Item Name,Total,Gear Level 1,Gear Level 2,Gear Level 3,Gear Level 4,Gear Level 5,Gear Level 6,Gear Level 7,Gear Level 8,Gear Level 9,Gear Level 10,Gear Level 11,Gear Level 12
Mk 1 BAW Armor Mod,7,1,2,1,"",1,"","",1,1,"","",""
Mk 1 Loronar Power Cell,5,1,3,1,"","","","","","","","",""
Mk 1 CEC Fusion Furnace,3,1,1,1,"","","","","","","","",""
Mk 1 Neuro-Saav Electrobinoculars,12,1,1,1,1,"","","","","",8,"",""
Mk 1 BlasTech Weapon Mod,1,1,"","","","","","","","","","",""
Mk 1 TaggeCo Holo Lens,2,1,1,"","","","","","","","","",""
Mk 1 Fabritech Data Pad,1,"",1,"","","","","","","","","",""
Mk 1 Arakyd Droid Caller,10,"",1,3,1,2,"","","",1,2,"",""
Mk 1 A/KT Stun Gun,3,"",1,2,"","","","","","","","",""
Mk 1 Sienar Holo Projector,6,"","",1,"","",2,"","","","",3,""
Mk 1 Nubian Security Scanner,3,"","",2,1,"","","","","","","",""
Mk 1 Czerka Stun Cuffs,12,"","","",2,"","",3,"",5,2,"",""
Mk 1 Chiewab Hypo Syringe Prototype,1,"","","",1,"","","","","","","",""
Mk 1 SoroSuub Keypad,4,"","","","",1,1,1,"",1,"","",""
Mk 1 Athakam Medpac Salvage,20,"","","","",5,5,"",5,5,"","",""
Mk 1 Merr-Sonn Shield Generator,1,"","","","","","",1,"","","","",""
Mk 1 Chedak Comlink Salvage,15,"","","","","","","",10,"",5,"",""
Mk 1 BioTech Implant,8,"","","","","","","","","",8,"",""
Mk 2 BlasTech Weapon Mod,1,"",1,"","","","","","","","","",""
Mk 2 Nubian Security Scanner Prototype,2,"",1,1,"","","","","","","","",""
Mk 2 SoroSuub Keypad Prototype,4,"","",1,"",1,"","",1,1,"","",""
Mk 2 Chiewab Hypo Syringe,6,"","",1,1,2,"","",1,1,"","",""
Mk 2 Merr-Sonn Shield Generator,1,"","","",1,"","","","","","","",""
Mk 2 Chedak Comlink Prototype,2,"","","",1,1,"","","","","","",""
Mk 2 Sienar Holo Projector Prototype Salvage,40,"","","",5,"","",15,"",20,"","",""
Mk 2 TaggeCo Holo Lens,2,"","","","",1,"","","","",1,"",""
Mk 2 CEC Fusion Furnace,2,"","","","","",1,1,"","","","",""
Mk 2 Zaltin Bacta Gel Prototype Salvage,20,"","","","","","","","",20,"","",""
Mk 2 BAW Armor Mod Prototype,8,"","","","","","","","","",8,"",""
Mk 3 TaggeCo Holo Lens Prototype,1,"",1,"","","","","","","","","",""
Mk 3 BlasTech Weapon Mod,11,"","",1,"",2,3,"",1,2,2,"",""
Mk 3 BioTech Implant,6,"","",1,"",1,1,"",1,2,"","",""
Mk 3 BAW Armor Mod,2,"","",1,1,"","","","","","","",""
Mk 3 Arakyd Droid Caller Salvage,100,"","","",15,5,5,30,"",45,"","",""
Mk 3 Neuro-Saav Electrobinoculars,2,"","","","","",2,"","","","","",""
Mk 3 Carbanti Sensor Array Salvage,200,"","","","","","","",50,"","",150,""
Mk 3 Chedak Comlink Prototype Salvage,20,"","","","","","","",20,"","","",""
Mk 3 Czerka Stun Cuffs Salvage,50,"","","","","","","",50,"","","",""
Mk 3 Sienar Holo Projector Salvage,40,"","","","","","","",20,20,"","",""
Mk 3 Loronar Power Cell,5,"","","","","","","",1,2,2,"",""
Mk 3 Zaltin Bacta Gel Salvage,50,"","","","","","","","","",50,"",""
Mk 3 Merr-Sonn Thermal Detonator Prototype Salvage,40,"","","","","","","","","",40,"",""
Mk 4 BlasTech Weapon Mod Prototype,1,"","",1,"","","","","","","","",""
Mk 4 BioTech Implant Prototype,1,"","","",1,"","","","","","","",""
Mk 4 Loronar Power Cell Prototype,1,"","","",1,"","","","","","","",""
Mk 4 Fabritech Data Pad Prototype,1,"","","","",1,"","","","","","",""
Mk 4 BAW Armor Mod Salvage,5,"","","","",5,"","","","","","",""
Mk 4 Chiewab Hypo Syringe Prototype Salvage,20,"","","","","",20,"","","","","",""
Mk 4 SoroSuub Keypad Salvage,60,"","","","","",20,"","","",40,"",""
Mk 4 Arakyd Droid Caller Salvage,40,"","","","","","",20,20,"","","",""
Mk 4 Merr-Sonn Thermal Detonator Prototype Salvage,5,"","","","","","","","","",5,"",""
Mk 4 CEC Fusion Furnace Prototype Salvage,20,"","","","","","","","","",20,"",""
Mk 4 A/KT Stun Gun Salvage,40,"","","","","","","","","",40,"",""
Mk 4 TaggeCo Holo Lens Salvage,5,"","","","","","","","","",5,"",""
Mk 4 Zaltin Bacta Gel Salvage,50,"","","","","","","","","","",50,""
Mk 5 Loronar Power Cell Salvage,45,"","","","",5,"","","","",40,"",""
Mk 5 BioTech Implant Prototype,3,"","","","",1,1,"","",1,"","",""
Mk 5 Fabritech Data Pad,1,"","","","","",1,"","","","","",""
Mk 5 Neuro-Saav Electrobinoculars Salvage,15,"","","","","",5,10,"","","","",""
Mk 5 CEC Fusion Furnace Salvage,100,"","","","","","","",50,50,"","",""
Mk 5 Nubian Design Tech Prototype Salvage,40,"","","","","","","","","",40,"",""
Mk 5 A/KT Stun Gun Prototype Salvage,150,"","","","","","","","","","",150,""
Mk 6 BlasTech Weapon Mod Prototype,1,"","",1,"","","","","","","","",""
Mk 6 Loronar Power Cell Salvage,5,"","","","",5,"","","","","","",""
Mk 6 Fabritech Data Pad Salvage,10,"","","","",5,5,"","","","","",""
Mk 6 Neuro-Saav Electrobinoculars Prototype Salvage,5,"","","","","","",5,"","","","",""
Mk 6 Chiewab Hypo Syringe Salvage,300,"","","","","","",50,100,100,50,"",""
Mk 6 Nubian Design Tech Salvage,50,"","","","","","","","",50,"","",""
Mk 6 Athakam Medpac Salvage,40,"","","","","","","","","","","",40
MK 7 BlasTech Weapon Mod Prototype Salvage,5,"","","","",5,"","","","","","",""
Mk 7 Merr-Sonn Thermal Detonator Salvage,40,"","","","","","","","","","","",40
Mk 7 Chiewab Hypo Syringe Salvage,40,"","","","","","","","","","","",40
Mk 8 BlasTech Weapon Mod Prototype Salvage,20,"","","","","",20,"","","","","",""
Mk 8 BioTech Implant Component,150,"","","","","","","","","","",150,""
Mk 8 BioTech Implant Salvage,180,"","","","","","","","","","",180,""
Mk 9 BioTech Implant Salvage,150,"","","","","","","","","","",150,""
Mk 10 TaggeCo Holo Lens Salvage,100,"","","","","","","","","",100,"",""
Mk 10 Neuro-Saav Electrobinoculars,100,"","","","","","","","","","",100,""
Mk 12 ArmaTek Medpac Prototype Salvage,30,"","","","","","","","","","","",30
Mk 12 ArmaTek Cybernetics Prototype Salvage,30,"","","","","","","","","","","",30
Mk 12 ArmaTek Bayonet Prototype Salvage,30,"","","","","","","","","","","",30
